,,,Theme,Theme,Theme,Data,Data,Data,Data,Data,Context,Context,Context,Context,Context,Context,Context,Context,Visual Layout,Visual Layout,Visual Layout,Visual Layout,Visual Layout,Visual Layout,Visual Layout,Visual Layout,Visual Encoding Channels,Visual Encoding Channels,Visual Encoding Channels,Visual Encoding Channels,Visual Encoding Channels,Visual Encoding Channels,Visual Encoding Channels,Visual Encoding Channels,Visual Encoding Channels,Visual Encoding Channels,Visual Marks,Visual Marks,Visual Marks,Visual Marks,Visual Marks,Visual Marks,Visual Marks,Visual Marks
Title,Week,Author,Internal: What's in Mind,External: What I do,External: Things around me,Nominal,Ordinal,Numerical,Temporal,Numeric Binned,Who/Whom,Where,When,Why,What,How,Highlighting,Attribute,List,Grid,Stacked,Radial,Tree,Network,Facet,Freeform,Shape,Position,Size,Color,Texture,Orientation,Connection,Containment/Enclosure,Onomatopoeia,Fill/NoFill,Dot,Line,Rect,Triangle,Circle,Repeat,Glyph,Real Object
clocks,1,Giorgia,,,x,x,,,x,,,,x,x,,x,x,x,,x,x,,,,,,x,x,,,,,,,,,x,,,,,,x,
clocks,1,Stefanie,,,x,x,,,x,,,,x,,,x,,,,,,x,,,,,x,x,,,,x,,,,,,,,,,,x,
public transportation,2,Giorgia,,,x,x,,x,x,,x,x,x,,x,x,x,x,x,,x,,,,,,,,x,x,x,,,,,,x,x,,,,,x,
public transportation,2,Stefanie,,,x,x,,,,,,x,x,,,x,,,,,,x,,x,,x,x,,,,x,x,x,,,x,,,,,x,,x,
thank yous,3,Giorgia,,x,,x,,x,,,x,,,,x,x,x,x,x,,x,x,x,,,x,x,x,,,,x,,,,,,,,,,,x,
thank yous,3,Stefanie,,x,,x,,,x,,x,,x,,,,,,,x,,,,,,,,x,,,x,,,,,,,,,x,,,,
mirrors,4,Giorgia,,,x,x,x,x,x,,x,x,x,x,x,x,,x,,x,x,,,,,,x,x,x,x,,x,,,,,x,x,,,,,x,
mirrors,4,Stefanie,,,x,x,,x,x,,,x,x,,,x,x,,,x,,,,,,,,x,x,x,,,,,,,,,,,x,x,,
things we buy,5,Giorgia,,,x,x,x,x,,,x,,x,,x,x,x,x,,,,,x,x,,,x,,x,x,x,x,x,,,,x,x,,,,x,x,
things we buy,5,Stefanie,,,x,x,,x,x,x,,,x,x,x,x,,x,,x,x,,,,,,,x,x,x,x,,,,,x,,,,,x,,,
physical contact,6,Giorgia,,x,,x,x,,,,x,x,x,,,x,x,x,,x,x,,,,x,,x,x,,x,,,,x,,,x,x,,,x,,x,
physical contact,6,Stefanie,,x,,x,x,,x,,x,,x,,x,x,x,,,,,x,x,,x,,,,x,x,,x,,,,,,x,,,x,,,
complaints,7,Giorgia,,x,,x,x,,x,,x,,x,,x,x,x,x,,x,,,,,x,,x,x,,x,,,x,,,x,x,x,,,x,,x,
complaints,7,Stefanie,,x,,x,,,x,,x,,x,,x,,,,,,,x,,,x,,,,,x,,x,,,,,,x,,,,,,
phone addiction,8,Giorgia,,,x,x,,,x,,,x,x,x,x,x,,x,,,,x,,,x,x,x,x,x,x,x,x,,,,,x,x,,,,x,x,
phone addiction,8,Stefanie,,,x,x,,,x,,,,x,x,,,,,,x,x,,,,,,,x,,x,,,,,,,,,,,,,x,
Giorgia and Stefanie,9,Giorgia,,x,,x,,x,x,,x,,x,,x,x,x,x,,x,,,,,,,x,x,x,x,,x,,,,x,x,x,x,,,x,x,
Giorgia and Stefanie,9,Stefanie,,x,,x,,,x,,x,x,x,x,,x,,,,x,,,,,,,,x,x,x,,,x,,,,,x,,,x,x,,
to-do lists,10,Giorgia,,,x,x,,,,,,,,,x, ,x,x,,x,,,,,,,,,,x,x,,x,x,,,x,x,,,,,x,
to-do lists,10,Stefanie,,,x,x,,,x,,,,x,,x,,,,,,x,,,,,,,x,,x,,,x,,,,x,x,,,,,,
emotions,11,Giorgia,x,,,x,,,,,x,,,,x,,x,x,,,,,x,,x,x,x,,,x,,,,,,,x,x,,,,,x,
emotions,11,Stefanie,x,,,x,x,,x,,,,x,,x,x,,,,x,,,,,,,,x,x,x,,,,,,,,x,,,,,x,
people,12,Giorgia,,x,,x,,,x,,x,,x,,x,,x,x,,x,,,,,,,,x,,x,,,,x,,,x,x,,,,,x,
people,12,Stefanie,,x,,,,x,x,x,,,x,,,x,,,,x,,,,,,,,x,x,x,,,,,,,x,,,,x,,,
desires,13,Giorgia,x,,,x,x,,,,,,,,x,x,,x,,,,x,,x,x,x,x,,x,x,,,x,,,,,x,,,,,x,
desires,13,Stefanie,x,,,x,,,x,,,,x,,x,,,,,,,x,,,,,,,,x,,x,,,,,,x,,,,,,
productivity / schedules,14,Giorgia,,,x,x,,x,,,x,,,,x,x,,,,,,,,,,x,x,,x,x,,,,,,,x,x,x,x,x,x,x,
productivity / schedules,14,Stefanie,,,x,x,,x,,,,,,,x,x,,,,,,,x,,x,,,,,x,,,,,,,,x,,,,x,,
compliments,15,Giorgia,,x,,x,,,x,,x,,,,x,x,,x,,,,,,,x,x,x,,,x,,,,,,,x,x,x,,,,x,
compliments,15,Stefanie,,x,,x,,,x,,x,,x,,x,,,,,x,x,,,,,,x,x,,x,x,,,,,,,,,,x,,x,
wardrobe,16,Giorgia,,,x,x,x,x,,,x,x,,,x,,,x,x,,,,,,x,x,x,x,x,x,,,x,x,,,x,x,,,,,x,
wardrobe,16,Stefanie,,,x,x,x,,,,,x,,,x,x,x,,x,,,,,,,,,x,,x,x,,,,,,,x,,,,,,
food preferences,17,Giorgia,,,x,x,,x,,x,,,,,x,x,x,x,,x,,,,,x,,x,,x,x,x,,,,,,x,x,,,,,x,
food preferences,17,Stefanie,,,x,x,x,,,,,,,,x,x,x,,,x,x,,,,,,,,,x,x,,,,,,,,,x,,,,
drinks,18,Giorgia,,,x,x,x,x,x,,x,x,x,,x,x,x,x,,x,,,,x,,,x,x,x,x,,x,x,x,,x,x,x,,,x,x,x,
drinks,18,Stefanie,,,x,x,x,,x,,,,x,x,x,x,,x,,x,,,,,,,,x,x,x,,,,,,,,,x,,,x,,
beauty and make up,19,Giorgia,,,x,x,x,,x,,,x,x,,x,x,x,x,x,,,,,x,,,x,,,x,,,x,x,,,x,x,,,,,x,x
beauty and make up,19,Stefanie,,,x,x,,,,,,,,,x,x,x,x,,,,x,x,,,,x,,,x,,,,,,,,x,x,,,,x,
interesting things,20,Giorgia,,,x,x,,x,x,x,x,,x,x,x,x,x,x,x,,,,,,,x,x,x,,x,x,,,,,,x,x,,,,,x,x
interesting things,20,Stefanie,,,x,x,,,,,,x,,x,x,x,,,,,x,,,,,,,,,x,,,,,,,,x,x,,,,,
our cities,21,Giorgia,,,x,x,x,,,,,x,,,x,x,x,,,x,,,,x,,,x,x,x,x,,,x,,x,,x,x,,,,,x,
our cities,21,Stefanie,,,x,x,,,x,,,x,x,x,x,,x,,,x,,,,x,,,,x,,x,,,x,,,x,x,x,,,x,,,
my past,22,Giorgia,x,,,x,,x,x,x,x,x,x,x,x,x,,,,,,x,,,,,x,x,x,,,,,,,,x,x,,,x,x,x,
my past,22,Stefanie,x,,,x,,,x,,,x,x,,x,,,,,x,,,,,,,,x,x,x,,,x,,,,,x,x,,,,,
being nicer,23,Giorgia,,x,,x,x,,,,x,,x,,x,x,x,x,,,,,,x,x,x,x,,,x,,x,x,,,,x,x,,,,,x,
being nicer,23,Stefanie,,x,,x,,,,,x,x,,,x,,,,,,,,,,,x,x,,,x,,,,,,,x,,,,x,,x,
doors/spaces,24,Giorgia,,,x,x,,,x,,,x,x,,x,,x,x,,x,,,,,,,x,x,,x,,,,,,,x,x,x,,,,x,
doors/spaces,24,Stefanie,,,x,x,,,x,,,x,x,,x,,,,,x,x,,,,,,,x,,x,,,,,,,,x,,,,,,
friends,25,Giorgia,,x,,x,,x,x,,x,,x,,x,x,x,x,,x,,,x,x,,,x,x,x,x,x,,x,,,,x,x,,,x,,x,
friends,25,Stefanie,,x,,x,,,,,x,x,,,x,x,x,,,,,x,x,,,,,x,,x,,,x,,,,x,x,x,,,,,
workspace,26,Giorgia,,,x,x,x,,,,x,x,,,x,,,,,x,,,,,,,x,x,x,x,,,x,,,,x,x,x,x,x,x,x,
workspace,26,Stefanie,,,x,x,,,,,,,,,x,,,,,,,,,,,x,,,,x,,,,,,x,,,,,x,,,
media,27,Giorgia,,,x,x,,x,,x,x,,,,x,x,x,x,,,,,x,,x,,x,x,x,x,,,x,,,x,x,x,,,,,x,
media,27,Stefanie,,,x,x,,,,,,,,,x,,,,x,,x,,,,,,,,,x,x,,x,,,,,x,,,x,,,
smiling at strangers,28,Giorgia,,x,,x,x,,x,,x,x,x,,x,x,x,x,,x,,,,,x,,x,x,x,x,,,,,,,x,,,,,,x,
smiling at strangers,28,Stefanie,,x,,x,,,x,,x,x,x,,x,,x,,,x,,,,,,,,x,,x,x,x,,,,,,,,x,,,,
boyfriend,29,Giorgia,,x,,x,x,,x,,x,,x,,x,x,x,x,x,,,,,x,x,x,x,x,x,x,,,x,,,,x,x,,,,,x,
boyfriend,29,Stefanie,,x,,x,,,x,,x,,x,,x,,x,,x,,,,,,,,,x,,x,,x,,,,,,,,,,,x,
our time alone,30,Giorgia,x,,,x,,,x,,,x,x,,x,x,x,x,,x,x,,,,,,,x,x,x,,,,,,,x,x,,,,,x,
our time alone,30,Stefanie,x,,,x,,,x,,,,x,,x,x,x,,,x,,,,,,,,x,x,x,,,,x,,,,,x,,,,,
positive feelings,31,Giorgia,x,,,x,,,,,x,,,x,x,,x,x,x,,x,,,,,,x,,,x,,,,,,,x,x,,,,,x,
positive feelings,31,Stefanie,x,,,x,x,,,,x,,,x,x,,,,,,,x,,,,x,x,,,x,,,,,,,,x,,,x,,x,
sounds,32,Giorgia,,,x,x,x,,x,,,x,x,,x,x,x,x,,x,,,,,,,x,x,x,x,,,,,,,,x,,,,,x,
sounds,32,Stefanie,,,x,x,,,x,,,x,x,,x,,,,,x,x,,,,,,,x,,x,,,,,,,,,,,,,x,
envy,33,Giorgia,x,,,x,x,x,,,x,,,x,x,x,,x,,x,,,,,,,,x,x,x,,,,,,,x,x,,,,,x,
envy,33,Stefanie,x,,,x,,,,,x,,,x,x,,,,x,,,,,,,x,x,,,x,,,,,,,,,,,x,,,
urban wildlife,34,Giorgia,,,x,x,,x,,,x,,,,x,x,x,x,x,,,,,,x,,x,,x,x,x,x,,,,,x,x,,x,x,x,x,
urban wildlife,34,Stefanie,,,x,x,,,,,,x,,,x,,,,,,,x,,,,,,x,x,x,,,,,,,,x,,,,,x,
getting dressed,35,Giorgia,,,x,x,,x,x,,,,x,,x,x,,x,,x,,,,,,,x,x,x,x,x,,,,,,,x,,,,,x,
getting dressed,35,Stefanie,,,x,x,x,,x,,,x,x,,x,,,,,x,,,,,,,,x,,x,,,,,,,,x,,,,,,
indecision,36,Giorgia,x,,,x,,x,,,x,,,,x,x,x,x,,,,,,,x,x,,x,x,x,x,x,,,,,x,x,,,x,x,,
indecision,36,Stefanie,x,,,x,,,x,,,,x,,x,x,x,,,x,,,,,,,,x,,x,,,x,,,,x,x,,,,,,
swearing,37,Giorgia,,x,,x,x,,,,x,,,,x,x,,x,x,,,,,,x,x,x,,x,x,x,,,,,,x,x,,,,,x,
swearing,37,Stefanie,,x,,x,,,,,x,,,,x,x,x,,,x,,,,,x,,x,,,x,,,,,,,,x,,,,,,
negative thoughts,38,Giorgia,x,,,x,x,x,,,,,,x,x,x,,x,,,,x,,x,,x,,,x,x,,,x,,,,x,x,,,,,x,
negative thoughts,38,Stefanie,x,,,x,,,,,x,,,,x,,x,,,,x,,,,x,,,,,x,,,,,,,,,,,x,,,
beauty,39,Giorgia,,,x,x,x,,,,x,,,x,x,x,x,x,x,,,x,,,x,x,,,x,x,x,,,,,,x,x,,,x,,x,
beauty,39,Stefanie,,,x,x,,,,,,x,,,x,,,,x,,,,,,x,,,,,x,x,,,,,,,x,,,,,,
meeting new people,40,Giorgia,,x,,x,,,x,,x,,x,,,x,x,x,,x,,,,,,,x,x,,x,,x,x,,,,x,x,x,,,,x,
meeting new people,40,Stefanie,,x,,x,,,,,x,,,,x,x,,,,,x,,,,x,,x,,,x,,,,,,,,x,,,,,x,
music,41,Giorgia,,,x,x,,,,,,,,,x,,,x,,x,x,,,,,,,x,,x,,,,x,,,x,x,,,,,,
music,41,Stefanie,,,x,x,,,x,,,,x,,x,,,x,x,x,x,,,,x,,,,,x,,,,,,,,,,,x,,,
laughter,42,Giorgia,,x,,x,,x,,,x,,,,x,x,x,x,,,,x,,x,,x,x,,x,x,,,x,,,,x,x,,,,,x,
laughter,42,Stefanie,,x,,x,x,,x,,x,,x,,x,x,x,x,,x,,,,,,,,x,x,x,x,,,,,,x,,,,x,,,
trying new things,43,Giorgia,,,x,x,x,x,,,,,,,x,x,x,x,x,,,,,x,x,x,,,x,x,x,,x,,,,x,x,,,,,x,
trying new things,43,Stefanie,,,x,x,,,x,,,,x,,x,,,,x,,,,,,,,,,,,x,,,,,,,,,,,,,x
distractions,44,Giorgia,,,x,x,,x,x,x,x,,x,,x,x,,x,,x,,,,,,,,x,x,x,,,,,,,x,x,,,,,x,
distractions,44,Stefanie,,,x,x,,,,,,,x,,x,,,,,,x,,,,x,,,x,,x,,,,,,,,x,,,,,,
apologies,45,Giorgia,,x,,x,,x,,,x,,,x,x,x,x,x,,x,x,,x,,,,,,x,x,,,x,,,,x,x,,,,,x,
apologies,45,Stefanie,,x,,x,,,,,x,,,x,x,,x,x,,,,,x,,x,,,,,x,,,,,,,,x,,,,,x,
books we own,46,Giorgia,,,x,x,x,x,,,x,x,,,x,x,x,x,x,,,,,,x,,x,x,x,x,,,x,,,,x,x,x,,,x,x,
books we own,46,Stefanie,,,x,x,,,,,x,,,,x,,x,x,,x,,,,,,,,,,x,,,,,,,,x,,,,,,
smells/scents,47,Giorgia,,,x,x,,x,x,x,,,,,x,x,,x,,x,,,,,,,,x,x,x,,,,,,,x,x,,,,x,x,
smells/scents,47,Stefanie,,,x,x,,,,,,x,,,x,,,x,,,,,,,x,x,,,,x,,,,x,,x,x,,,,x,,x,
eavesdropping,48,Giorgia,,x,,x,,x,x,,x,x,x,,x,x,x,x,x,,,,,,x,,,x,x,x,x,,x,,,x,x,x,,,x,,x,
eavesdropping,48,Stefanie,,x,,x,,,,,x,x,,,x,,x,,,,,,,,x,x,,,,x,,,,,,x,x,,,,,,x,
"""data""",49,Giorgia,,x,,x,,,,,x,,,,x,,x,x,,,,,,,x,x,x,x,,x,,,,,,,,,,,x,,x,
"""data""",49,Stefanie,,x,,x,,,x,,x,x,x,,x,,,,,x,,,,,,,,x,,x,x,,,,,,,x,,,,,,
our phones,50,Giorgia,,,x,x,x,,,,,x,,,x,x,,x,,x,,,,,x,,x,,,x,,,,x,,,x,x,,,x,,x,
our phones,50,Stefanie,,,x,x,x,,,,,,,,x,x,x,,x,,,,,,,,,,x,x,x,,,,,x,x,x,,,,,,
privacy,51,Giorgia,x,,,x,,x,x,,x,,x,x,x,x,x,x,x,,,,,,,,,x,x,x,,,,,,,,x,,,,x,x,
privacy,51,Stefanie,x,,,x,x,,,,x,,,,x,x,,,,x,,,,,,,,,,x,,,,,,,,,,,x,,x,
goodbye,52,Giorgia,,x,,x,,,x,,x,,x,,x,x,x,x,,x,,,,,,,x,x,,x,,,,,,,x,,,x,,,x,
goodbye,52,Stefanie,,x,,x,x,,x,,x,x,x,,x,x,,,,x,x,,,,,,,x,x,x,,,,,,,,,x,,x,,x,
,,,18,34,52,103,32,30,53,8,57,36,56,20,94,67,54,56,22,50,23,16,11,13,33,24,46,60,47,97,27,17,28,10,1,12,56,74,14,7,32,16,67,3