Code Group (Stage),Code,Frequency,Example Quotation
Preparation,1.1 Deciding topic,58,"This week we got personal and we traced our physical contacts: yes, every single time we would touch somebody or be touched, even if accidentally."
Preparation,1.2 Interpreting topic to set up questions,24,How much time do we spend alone during the week? How much time do we spend with people we know? And how many times we are just surrounded by complete strangers?
Preparation,1.3 Deciding what to collect,40,"This week I collected data on my walks and transportations through the city, turning my Moves App on but also writing down some “attributes” about my paths: was I alone? Was I talking to the phone or listening to podcasts? Did I run into someone I knew during my journey?"
Preparation,1.4 Deciding how to collect,14,Originally Giorgia and I thought that we would try to gather data only by hand but this proved difficult. So we’ve changed the rules (already) and agreed we can use digital means for gathering data. 
Preparation,1.5 Trigger setting,2,"My data collection this week answered the main question “how many people do I see?” every hour for my 7 days. (Well, I set an alert on my iPhone every hour to remind me to count people around me)."
Preparation,1.6 Self-reflection on the topic,37,"Yes, I am obsessive and compulsive about having my to-dos perfectly organized, and updated to the last second, I just can’t help. And there’s more to that: I also take a compulsive pleasure from organizing my lists: I would rewrite them on paper when I am not on my computer, changing they way they’re phrased of them to upgrade them (OMG I talk about them as if they were people!). I always try to put some apparent order in my to-dos (and fool myself I am progressing with them) by constantly refining and modifying how I phrase them."
Collection,2.1 Performing data collection,4,"I sat down in my former studio and start inspecting my memories, intensely, and I jotted down events, periods, moments, places in a pretty random way to begin with."
Collection,2.2 Manual collection,46,"I used a little analog notebook to document the data, but I also took a lot of print-screens of my iPhone and reported the time later."
Collection,2.3 Automatic collection,1,"I just let the Moves app gather the data for me here, so I didn’t do much."
Collection,2.4 Semi-automatic collection,11,"This week I collected data on my walks and transportations through the city, turning my Moves App on but also writing down some “attributes” about my paths: was I alone? Was I talking to the phone or listening to podcasts? Did I run into someone I knew during my journey?"
Collection,2.5 Moods/Behaviors influenced by data tracking,41,I started noticing how every week I am still somehow influenced by the previous week's topic: I still sometimes think about it for a second when I say “thank you” or when I check the time on my iPhone. 
Collection,2.6 Data Voids,13,"My first experience of a mild ‘data void’: I was at a wedding at the end of the week where we ended up in the sea after midnight, wandering through the dark. Drunk data-gathering is a challenge."
Collection,2.7 Uncertain/imperfect data,6,"I only gathered data on the reason that I touched my phone in the first instance. So I may have picked up the phone to check messages, then checked my email, checked twitter, took a selfie, took another selfie, took another selfie from a more flattering angle, then played a game, but even so: only the messages will count."
Collection,2.8 Struggles with data collection,34,"However, around Thursday or Friday I can tell when I start to have ‘data-gathering fatigue’ and begin to get fed up of carefully noting down every instance of a particular dataset. At this point, the data-gathering begins to change my behaviour: I might begin to engage in a behaviour we are tracking, only to completely shut down this spontaneous response because I’m dreading having to capture that data, again. And again. And again."
Collection,2.9 Self-reflection while collecting data,19,"As the data collection began, I immediately realized that it is INSANE how many times we look at the clock, and how few of these times we do it on purpose (i.e. because we really need to know what time is it)!"
Processing,3.1 Data categorization,16,"Thus for the data-drawing, I thought It was more interesting to aggregate and divide my data per category of people rather than exploiting them chronologically."
Processing,3.2 Filtering/hiding/simplifying data,8,"Obviously, so much of the physical contact I track is related to my husband, and of course, from marriage one can assume certain types of physical contact (ahem). I end up tracking all the data quite honestly for my records, but then re-package and re-categorise the data slightly in the final drawing to ensure that 1: my husband has privacy and 2: that I have privacy. I don’t mind sharing this data, but only so long as I choose what to share, I guess."
Processing,3.3 Data manipulation,8,"My boyfriend and some friends were doing crazy things to spoil the data, and I of course reported them with a special mark."
Processing,3.4 Looking for/adding a story,24,"I like how we are illustrating our lives through small data, every time imagining and inventing a visual model to represent a specific little story we might find, with the attempt of exploring new visuals to please each other!"
Processing,3.5 Data simplicity vs. details,8,"The data drawing just reflects it: in this postcard I didn’t really go too much in details, but I did rather just represent my data collection as it was"
Processing,3.6 Preparation/processing iteration,6,"This is one of those weeks where I like the drawing outcome but it’s probably not very insightful. The data I gathered was pretty simple in the end, I need to add more depth."
Processing,3.7 Checking privacy issue,8,"Obviously, so much of the physical contact I track is related to my husband, and of course, from marriage one can assume certain types of physical contact (ahem). I end up tracking all the data quite honestly for my records, but then re-package and re-categorise the data slightly in the final drawing to ensure that 1: my husband has privacy and 2: that I have privacy. I don’t mind sharing this data, but only so long as I choose what to share, I guess."
Processing,3.8 Struggles with processing,1,This week has been particularly hard for me: it is so difficult to decode and categorize how you feel.
Processing,3.9 Self-reflection while processing,4,"By cutting out all the additional data points and focusing on the ten largest quantities, the data begins to reveal my personality to Giorgia. It highlights how most of the items on my desk aren’t really essential for work, but are there for more emotional reasons. And these items are large quantities of little tiny items that are scattered around my desk in a haphazard way. So I hang onto business cards that people who are in jobs more interesting and glamorous than mine give me, as it makes me feel that I’m one of their peers (silly, I know). Or I always empty out my wallet on my desk to remove all the coins and notes I pick up from the countries I visit on my travels, so these are found here too, functioning as aides-memoires of past adventures."
Visual Encoding,4.1 Brainstorming visual layout and style,25,"I like how we are illustrating our lives through small data, every time imagining and inventing a visual model to represent a specific little story we might find, with the attempt of exploring new visuals to please each other!"
Visual Encoding,4.2 Drawing tool decision,7,With this drawing I decided to move back to using mainly pencil.
Visual Encoding,4.3 Visual decision-layout,7,"One of my favourite parts is the black line intersecting the card: this is the dividing line between the times it is socially- acceptable and unacceptable to drink (in my mind, not sure what the ettiquette books say). I wish the scale of drunkenness from 1-10 was more visible, however."
Visual Encoding,4.4 Visual decision-visual symbol,14,"So I wanted to try something a little bit different and I mocked-up a sort of “body-shape” to represent my physical contacts, even if I don’t really like the aesthetic of the outcome I still think it has a valid structure!"
Visual Encoding,4.5 Visual decision-subjective interpretation,39,"As for the data-drawing, I thought of unfolding my paths: hiding the geographic dimensions to explore and see whether patterns on my trips could be detected even without a map. I like the outcome actually!"
Visual Encoding,4.6 Visual decision-personal preference,11,"I’ve always been so much fascinated by musical scores: by that elegant and minimal form of recurrence, by the symbolism of this language which is already information design if you think about it, by the idea of a temporal score conveying all of the information about how a piece should be performed, it is really intriguing to me.  I found this reference to be perfect for my complaints!"
Visual Encoding,4.7 Visual decision-expreriment,24,"As for the data-drawing, I wanted to use more colors and to think of visual metaphors that are not directly related to the data:
 I saw my mirror-data as little drops with their attributes about what I was doing or thinking while looking at myself. I still wanted to build a narrative that could be interesting for Stefanie to read, so I tried to emphasize the more “human” part of my boring data collection."
Visual Encoding,4.8 Visual decision-random,3,"As I wrote on the legend: ""the position and rotation of the elements are absolutely random and direct function of the esthetic composition I wanted to create"".  I know there would have been more rigorous and straightforward ways of organizing the data in the space of the postcard, and I usually spend a lot of time figuring out the best principles to arrange my data spatially; but this time I gave myself the freedom to experiment a bit more."
Visual Encoding,4.9 Highlighting data,15,"Oh – and I also figured it would be nice to assign the data that was somehow related to “Dear Data” and/or Stefanie a color and keep it consistent throughout the postcards, and there we go: the pink-ink Muji pen in my postcards will always indicate that from now on!"
Visual Encoding,4.10 Fixing mistakes,1,"And the red annotations highlight other mistakes: I also messed up this card by crossing out my husband’s name, as I’m trying to offer him some privacy, though I’m not very even-handed with this (as you’ll see in later cards)."
Visual Encoding,4.11 Disclaiming data,3,"Disclaimer – beers and dinners are counted together with boyfriend (i.e. I don’t drink 5 beers every evening), (but yes, we definitely like to wind down the working day with a beer or two…who doesn’t? And yes, we definitely like eating out…but who doesn’t? :)"
Visual Encoding,4.12 Content (readability) vs. visual (aesthetics),35,"Having said that, I like how this drawing looks. But data-wise, it’s not very insightful: the data is difficult to read. But this is something that I’m still undecided about: I’m not sure whether or not to use the data as a starting point for a drawing where the focus is on the aesthetic, or to have the story told with the data be the main focus of these cards. Perhaps it will depend on the data we use each week."""
Visual Encoding,4.13 Visualization iteration,3,While going back to New York on a 8 hours flight I sketched some new ideas: I really didn’t like the first outcome so I took the freedom to re-draw it once back home.
Visual Encoding,4.14 Visualization Inaccuracy,10,And then my pens leaked and smudged the card and my hands. And then I made a mistake and put some of the data points in the wrong order. And then I didn’t have time to re-do the card. And THEN I threw some of my pens across the hotel room desk after finishing this terrible thing.
Visual Encoding,4.15 Card drawing iteration,12,"Also, I tend to always mess up my card through smudging the ink: I’m left-handed, and it drives me crazy that after spending ages drawing a card I end up smudging it in the final stages."
Visual Encoding,4.16 Explaining how to read,7,I’ve started to use red to annotate the main ‘How to read it’ text with little comments.
Visual Encoding,4.17 Card redrawing-lost,12,"p.s. my first postcard never reached Stefanie. 3 weeks later I re-drew it and re-sent it, this time eventually it worked out!"
Visual Encoding,4.18 Struggles with drawing,11,"By the time I finished the drawing and began to fill out the legend, I was so sick of the process that I was writing the legend in haste while listening to music, which made me distracted and I made some terrible mistakes that sent me in a panic because they were unfixable. I had to cut and glue another piece of card down to cover up these mistakes up… not ideal, but prevented my from throwing all my drawing materials through the window."
Visual Encoding,4.19 Struggles with many data,7,"Because of all this pre-planning and the sheer amount of wardrobe changes, this card took me ages to draw. I think I experienced something similar to Giorgia’s plight while drawing her ‘Doors’ postcard, repeatedly looking at the spreadsheet, drawing the data, looking at the spreadsheet again, finding a mistake I can just about resolve, looking at the spreadsheet again, all the while praying to the universe that I don’t make a mistake and have to start over."
Visual Encoding,4.20 Self-reflection while drawing,9,I am telling more about myself with the way I every time draw the data and the images I have in mind than through the data itself!
Reflection,5.1 Self-reflection with data results,91,"What really jumped out at me when looking at my data was how many thanks I say to strangers: I am an unbelievably compulsive thanker to waiters and waitresses, especially; but I don’t really thank so much my friends and family."
Reflection,5.2 Recalling vivid emotions/memory (mine),16,"However, the main reason that I am charmed by this week is less about the card and more about the data contained within. When I showed the complete drawing to my husband, he asked for a scan of the postcard so he could have a record for himself. I like how by gathering and visualising data about my relationship, the data becomes an emotional record, and becomes invested with quite an intimate meaning. By giving him the card I’m effectively presenting to him a previously-invisible texture of our relationship, a data token of affection."
Reflection,5.3 Reflection/insight on topic,12,"Now my relationship with music is incredibly different: music is a background for my days, rather than a core pastime. I now look for songs able to foster my concentrations when I am working or writing (mostly electronic music), or for melodies to chill down after work while having a drink with my boyfriend (mainly swing), or tunes to ease my falling asleep at evenings, like ambient music."
Reflection,5.4 Future behavior decision,27,"PS: I find it so funny that Giorgia says that she allows herself more design leeway when she is making these cards, because to me, they just seem so neat and well-thought-out. Through this project, I’ve found it interesting how different we approach things: I am much more cautious and pessimistic, and Giorgia is confident and positive! I’ve definitely been reminded to be less cautious in my work after beginning this project."
Reflection,5.5 Actions happened after reflection,4,"PS: I find it so funny that Giorgia says that she allows herself more design leeway when she is making these cards, because to me, they just seem so neat and well-thought-out. Through this project, I’ve found it interesting how different we approach things: I am much more cautious and pessimistic, and Giorgia is confident and positive! I’ve definitely been reminded to be less cautious in my work after beginning this project."
Sharing,6.1 Appreciating visuals,34,"I like Giorgia’s drawing this week, she has a skill of using barely any pen lines to communicate such a rich amount of information. "
Sharing,6.2 Finding interesting data,45,"I think she had more fun than me this week, particularly when she was trying on fancy dresses, but I like how her lines ‘trembled’: it’s funny how I feel afraid and alone on the performative weeks, but when I finally receive Giorgia’s card I realise we both felt the same way!"
Sharing,6.3 Appreciating the way of collecting data,29,"Again: WHAT IS GIORGIA DOING? Her data gathering totally freaks me out… I would never think about approaching the data-gathering from the angles she chooses, they're great to look over."
Sharing,6.4 Imagining vivid memory/emotions (other's),37,"Giorgia’s perfectly-measured drawing is another reminder of her architectural roots, though it’s also pretty evident in the type of books she has in her house as well. My favourite part of the postcard is how you definitely know that this is a ‘working’ bookshelf as opposed to mine (which is more of a time capsule, really): she has post-it notes in so many of her books for reference! I like how such a tiny data point can create such a vivid image in my mind of Giorgia flipping through books at home..."
Sharing,6.5 Figuring out one's mind/personality,43,"So much detail! There are lots of little lovely things about Giorgia’s card, and one of my favourites is when she picks out when it rained and she was without an umbrella. I think you can really get an idea of her week and whereabouts and her personality from the data she chooses to gather and capture. I’d like to find ways of capturing more of the personality of my week through the data I gather."
Sharing,6.6 Self-reflection by comparing,41,"I’m learning about Giorgia’s personality just by how she gathers her data: it’s just so neatly gathered, with lots of thought and planning put into it… you can tell that she is someone who is very good at getting things done, hence why she runs a company, I think. I am always impressed!"